iter	RMSE
0	915.3556283
1	880.4898737
2	854.8078085
3	832.2183112
4	805.0574166
5	785.1527267
6	770.4872909
7	757.4207394
8	739.484824
9	729.7300131
