iter	RMSE
0	900.9554317
1	871.1465684
2	848.7063796
3	825.667015
4	806.6528374
5	791.2653462
6	777.2353478
7	765.8919225
8	748.3591086
9	734.3620093
10	724.253584
11	717.4130183
12	709.8835542
13	704.1965622
14	696.2673523
15	690.2351462
16	679.6101776
17	674.1807293
18	670.0603867
19	664.9876196
